model,classifier,nn_number,epochs,batch-size,learning-rate,optimizer,normalize-features,tense,voice,pronouns,named-entities,sentiment,pos-tags,dep-tags,sentences,domain,sentence-similarity,ratio-pron-ne,precision,recall,f1,accuracy
traditional,svm,-,-,-,-,-,-,+,+,-,-,-,-,-,-,-,-,-,0.7292817679558011,0.638,0.6805938305627167,0.6854866946778712
traditional,svm,-,-,-,-,-,-,+,+,-,-,-,-,-,-,-,-,+,0.7273679024510408,0.6561666666666667,0.6899351597640049,0.6902427637721755
traditional,svm,-,-,-,-,-,-,+,+,-,-,-,-,-,-,-,+,+,0.7748375427078449,0.6425555555555555,0.7025237646915905,0.7141981792717087
nn,-,3,12,64,0.0001,adam,-,+,+,-,-,-,-,-,-,-,-,+,0.7210503116932183,0.6361666666666667,0.6759540745550604,0.6796510270774977
nn,-,3,8,32,0.0001,adam,-,+,+,-,-,-,-,-,-,-,+,+,0.792,0.6765,0.7297078651685394,0.7367822128851541
nn,-,3,10,64,0.0001,adam,-,+,+,-,-,-,-,-,-,-,+,-,0.8315755575235488,0.5738333333333333,0.6790703790144966,0.7151318860877685
